<Ui xmlns:xsd="http://www.w3.org/2001/XMLSchema" xmlns:xsi="http://www.w3.org/2001/XMLSchema-instance" xmlns="http://www.blizzard.com/wow/ui/">
	<Script file="Frame.lua" />
	<Frame name="evilButtonFrame" parent="Minimap" frameStrata="LOW" enableMouse="true">
		<Size>
			<AbsDimension x="32" y="32" />
		</Size>
		<Anchors>
			<Anchor point="TOPLEFT" relativeTo="Minimap" relativePoint="LEFT">
				<Offset>
					<AbsDimension x="2" y="0" />
				</Offset>
			</Anchor>
		</Anchors>
		<Frames>
			<Button name="AtlasButton">
				<Size>
					<AbsDimension x="32" y="32" />
				</Size>
				<Anchors>
					<Anchor point="TOPLEFT">
						<Offset>
							<AbsDimension x="0" y="0" />
						</Offset>
					</Anchor>
				</Anchors>
				<Scripts>
					<OnLoad>
						self:RegisterForDrag("RightButton");
						self.dragme = false;
					</OnLoad>
					<OnDragStart>
						self.dragme = true;
					</OnDragStart>
					<OnDragStop>
						self.dragme = false;
					</OnDragStop>
					<OnUpdate>
						if(self.dragme == true) then
							evilButtonFrame_BeingDragged();
						end
					</OnUpdate>
					<OnClick>
						evilButtonFrame_OnClick();
					</OnClick>
					<OnEnter>
						GameTooltip:SetOwner(self, "ANCHOR_LEFT");
						GameTooltip:SetText("EvilPartner \n Левой открыть/закрыть \n Правой перетащить");
						GameTooltip:Show();
					</OnEnter>
					<OnLeave>
						GameTooltip:Hide();
					</OnLeave>
				</Scripts>
				<NormalTexture file="Interface\AddOns\EvilPartner14\img\vmButton" />
				<PushedTexture file="Interface\AddOns\EvilPartner14\img\vmButton-pushed" />
				<HighlightTexture file="Interface\Minimap\UI-Minimap-ZoomButton-Highlight" alphaMode="ADD" />
			</Button>
		</Frames>
		<Scripts>
			<OnLoad>
				self:RegisterEvent("VARIABLES_LOADED");
			</OnLoad>
			<OnEvent>
				evilButtonFrame_Init();
				evilButtonFrame_UpdatePosition();
			</OnEvent>
		</Scripts>
	</Frame>
	<Frame name="evilFrameInv" inherits="BackdropTemplate" toplevel="true" movable="true" enableMouse="true" clampedToScreen="true">
		<Size x="146" y="396" />
		<Anchors>
			<Anchor x="876" y="-217" point="TOPLEFT" />
		</Anchors>
		<Frames>
			<Frame name="evilFrame" inherits="BackdropTemplate" movable="true">
				<Size x="146" y="396" />
				<Anchors>
					<Anchor y="-2" point="TOPLEFT" />
				</Anchors>
				<KeyValues>
					<KeyValue key="backdropInfo" value="BACKDROP_DIALOG_32_32" keyType="string" type="global" />
				</KeyValues>
				<Frames>
					<Frame name="ClassesSet_DropDown" inherits="UIDropDownMenuTemplate" hidden="true" id="1" />
					<Frame name="RoleSet_DropDown" inherits="UIDropDownMenuTemplate" hidden="true" id="2" />
					<Frame name="MarksSet_DropDown" inherits="UIDropDownMenuTemplate" hidden="true" id="3" />
					<Frame name="EvilPartnerStatusFrame" parent="evilFrame" hidden="true" >
						<Size>
							<AbsDimension x="21" y="10" />
						</Size>
						<Anchors>
							<Anchor point="TOPLEFT">
								<Offset x="62" y="-373" />
							</Anchor>
						</Anchors>
						<Layers>
							<Layer level="OVERLAY">
								<FontString name="$parentText" inherits="GameFontNormal" text="on">
									<Size x="24" y="11"/>
									<Color r="0" g="0.8" b="1"/>
								</FontString>
							</Layer>
						</Layers>
					</Frame>
					<Button name="ClassesSet" inherits="UIPanelButtonTemplate">
						<Size x="58" y="25" />
						<Anchors>
							<Anchor point="TOPLEFT">
								<Offset x="14" y="-23" />
							</Anchor>
						</Anchors>
						<Scripts>
							<OnLoad>
								UIDropDownMenu_Initialize(ClassesSet_DropDown, ClassesnMenu_Build, "MENU");
							</OnLoad>
							<OnClick>
								ToggleDropDownMenu(1, nil, ClassesSet_DropDown, ClassesSet, 0, 0);
							</OnClick>
						</Scripts>
					</Button>
					<Button name="MarksSet" inherits="UIPanelButtonTemplate">
						<Size x="77" y="25" />
						<Anchors>
							<Anchor point="TOPLEFT">
								<Offset x="14" y="-119" />
							</Anchor>
						</Anchors>
						<Scripts>
							<OnLoad>
								UIDropDownMenu_Initialize(MarksSet_DropDown, MarksMenu_Build, "MENU");
							</OnLoad>
							<OnClick>
								ToggleDropDownMenu(1, nil, MarksSet_DropDown, MarksSet, 0, 0);
							</OnClick>
						</Scripts>
					</Button>
					<Button name="RoleSet" inherits="UIPanelButtonTemplate">
						<Size x="58" y="25" />
						<Anchors>
							<Anchor point="TOPLEFT">
								<Offset x="73" y="-23" />
							</Anchor>
						</Anchors>
						<Scripts>
							<OnLoad>
								UIDropDownMenu_Initialize(RoleSet_DropDown, RoleMenu_Build, "MENU");
							</OnLoad>
							<OnClick>
								ToggleDropDownMenu(1, nil, RoleSet_DropDown, RoleSet, 0, 0);
							</OnClick>
						</Scripts>
					</Button>
					<Button name="PartyBotAdd" inherits="UIPanelButtonTemplate" text="AddBot">
						<Size x="58" y="25" />
						<Anchors>
							<Anchor point="TOPLEFT">
								<Offset x="14" y="-47" />
							</Anchor>
						</Anchors>
						<Scripts>
							<OnClick>
								PartyBotAddBot();
							</OnClick>
						</Scripts>
					</Button>
					<Button name="PartyBotRemove" inherits="UIPanelButtonTemplate" text="Remove">
						<Size x="58" y="25" />
						<Anchors>
							<Anchor point="TOPLEFT">
								<Offset x="73" y="-47" />
							</Anchor>
						</Anchors>
						<Scripts>
							<OnClick>
								PartyBotRemove()
							</OnClick>
						</Scripts>
					</Button>
					<Button name="PartyBotFreeLoot" inherits="UIPanelButtonTemplate" text="FreeLoot">
						<Size x="58" y="25" />
						<Anchors>
							<Anchor point="TOPLEFT">
								<Offset x="14" y="-71" />
							</Anchor>
						</Anchors>
						<Scripts>
							<OnClick>
								PartyBotFreeLoot()
							</OnClick>
						</Scripts>
					</Button>
					<Button name="PartyBotChangeRole" inherits="UIPanelButtonTemplate" text="ChRole">
						<Size x="58" y="25" />
						<Anchors>
							<Anchor point="TOPLEFT">
								<Offset x="73" y="-71" />
							</Anchor>
						</Anchors>
						<Scripts>
							<OnClick>
								PartyBotChangeRole();
							</OnClick>
						</Scripts>
					</Button>
					<Button name="PartyBotRaid" inherits="UIPanelButtonTemplate" text="Raid">
						<Size x="58" y="25" />
						<Anchors>
							<Anchor point="TOPLEFT">
								<Offset x="14" y="-95" />
							</Anchor>
						</Anchors>
						<Scripts>
							<OnClick>
								PartyBotRaid()
							</OnClick>
						</Scripts>
					</Button>
					<Button name="PartyBotClone" inherits="UIPanelButtonTemplate" text="Clone">
						<Size x="58" y="25" />
						<Anchors>
							<Anchor point="TOPLEFT">
								<Offset x="73" y="-95" />
							</Anchor>
						</Anchors>
						<Scripts>
							<OnClick>
								PartyBotClone()
							</OnClick>
						</Scripts>
					</Button>
					<Button name="PartyBotLeave" inherits="UIPanelButtonTemplate" text="Leave">
						<Size x="40" y="15" />
						<Anchors>
							<Anchor point="TOPLEFT">
								<Offset x="89" y="-9" />
							</Anchor>
						</Anchors>
						<Scripts>
							<OnClick>
								PartyBotLeave()
							</OnClick>
						</Scripts>
					</Button>
					<Button name="PartyBotUseAltar" inherits="UIPanelButtonTemplate" text="Altar">
						<Size x="37" y="25" />
						<Anchors>
							<Anchor point="TOPLEFT">
								<Offset x="92" y="-143" />
							</Anchor>
						</Anchors>
						<Scripts>
							<OnClick>
								PartyBotUseAltar()
							</OnClick>
						</Scripts>
					</Button>
					<Button name="PartyBotFocusAdd" inherits="UIPanelButtonTemplate" text="Focus">
						<Size x="37" y="25" />
						<Anchors>
							<Anchor point="TOPLEFT">
								<Offset x="14" y="-143" />
							</Anchor>
						</Anchors>
						<Scripts>
							<OnClick>
								PartyBotFocusAdd();
							</OnClick>
						</Scripts>
					</Button>
					<Button name="PartyBotClearFocus" inherits="UIPanelButtonTemplate" text="CFoc">
						<Size x="37" y="25" />
						<Anchors>
							<Anchor point="TOPLEFT">
								<Offset x="53" y="-143" />
							</Anchor>
						</Anchors>
						<Scripts>
							<OnClick>
								PartyBotClearFocus();
							</OnClick>
						</Scripts>
					</Button>
					<Button name="PartyBotControlsSelf" inherits="UIPanelButtonTemplate" text="ContrSelf">
						<Size x="58" y="25" />
						<Anchors>
							<Anchor point="TOPLEFT">
								<Offset x="14" y="-167" />
							</Anchor>
						</Anchors>
						<Scripts>
							<OnClick>
								PartyBotControlsSelf();
							</OnClick>
						</Scripts>
					</Button>
					<Button name="PartyBotControlsAll" inherits="UIPanelButtonTemplate" text="ContrAll">
						<Size x="58" y="25" />
						<Anchors>
							<Anchor point="TOPLEFT">
								<Offset x="73" y="-167" />
							</Anchor>
						</Anchors>
						<Scripts>
							<OnClick>
								PartyBotControlsAll();
							</OnClick>
						</Scripts>
					</Button>
					<Button name="PartyBotMove" inherits="UIPanelButtonTemplate" text="Move">
						<Size x="58" y="25" />
						<Anchors>
							<Anchor point="TOPLEFT">
								<Offset x="73" y="-191" />
							</Anchor>
						</Anchors>
						<Scripts>
							<OnClick>
								PartyBotMove()
							</OnClick>
						</Scripts>
					</Button>
					<Button name="PartyBotStay" inherits="UIPanelButtonTemplate" text="Stay">
						<Size x="58" y="25" />
						<Anchors>
							<Anchor point="TOPLEFT">
								<Offset x="14" y="-191" />
							</Anchor>
						</Anchors>
						<Scripts>
							<OnClick>
								PartyBotStay()
							</OnClick>
						</Scripts>
					</Button>
					<Button name="PartyBotChLead" inherits="UIPanelButtonTemplate" text="ChL">
						<Size x="37" y="25" />
						<Anchors>
							<Anchor point="TOPLEFT">
								<Offset x="92" y="-119" />
							</Anchor>
						</Anchors>
						<Scripts>
							<OnClick>
								PartyBotChLead()
							</OnClick>
						</Scripts>
					</Button>
					<Button name="PartyBotItl" inherits="UIPanelButtonTemplate" text="Itl">
						<Size x="30" y="15" />
						<Anchors>
							<Anchor point="TOPLEFT">
								<Offset x="14" y="-9" />
							</Anchor>
						</Anchors>
						<Scripts>
							<OnClick>
								PartyBotItl()
							</OnClick>
						</Scripts>
					</Button>
					<Button name="PartyBotPS" inherits="UIPanelButtonTemplate" text="P/S">
						<Size x="30" y="15" />
						<Anchors>
							<Anchor point="TOPLEFT">
								<Offset x="44" y="-9" />
							</Anchor>
						</Anchors>
						<Scripts>
							<OnClick>
								PartyBotPS()
							</OnClick>
						</Scripts>
					</Button>
					<Button name="PartyBotPause" inherits="UIPanelButtonTemplate" text="Pause">
						<Size x="58" y="35" />
						<Anchors>
							<Anchor point="TOPLEFT">
								<Offset x="14" y="-214" />
							</Anchor>
						</Anchors>
						<Scripts>
							<OnClick>
								PartyBotPause()
							</OnClick>
						</Scripts>
					</Button>
					<Button name="PartyBotUnPause" inherits="UIPanelButtonTemplate" text="UnPause">
						<Size x="58" y="35" />
						<Anchors>
							<Anchor point="TOPLEFT">
								<Offset x="73" y="-214" />
							</Anchor>
						</Anchors>
						<Scripts>
							<OnClick>
								PartyBotUnPause()
							</OnClick>
						</Scripts>
					</Button>
					<Button name="PartyBotAOE" inherits="UIPanelButtonTemplate" text="AOE">
						<Size x="119" y="35" />
						<Anchors>
							<Anchor point="TOPLEFT">
								<Offset x="14" y="-296" />
							</Anchor>
						</Anchors>
						<Scripts>
							<OnClick>
								PartyBotAOE()
							</OnClick>
						</Scripts>
					</Button>
					<Button name="PartyBotComeToMe" inherits="UIPanelButtonTemplate" text="ComeToMe">
						<Size x="119" y="41" />
						<Anchors>
							<Anchor point="TOPLEFT">
								<Offset x="14" y="-330" />
							</Anchor>
						</Anchors>
						<Scripts>
							<OnClick>
								PartyBotComeToMe()
							</OnClick>
						</Scripts>
					</Button>
					<Button name="PartyBotCloseFrame" inherits="UIPanelButtonTemplate" text="Close">
						<Size x="38" y="15" />
						<Anchors>
							<Anchor point="TOPLEFT">
								<Offset x="93" y="-371" />
							</Anchor>
						</Anchors>
						<Scripts>
							<OnClick>
								PartyBotCloseFrame()
							</OnClick>
						</Scripts>
					</Button>
					<Button name="PartyBotPauseDPS" inherits="UIPanelButtonTemplate" text="Pdps">
						<Size x="38" y="15" />
						<Anchors>
							<Anchor point="TOPLEFT">
								<Offset x="15" y="-248" />
							</Anchor>
						</Anchors>
						<Scripts>
							<OnClick>
								PartyBotPauseDPS()
							</OnClick>
						</Scripts>
					</Button>
					<Button name="PartyBotPauseHeal" inherits="UIPanelButtonTemplate" text="Pheal">
						<Size x="38" y="15" />
						<Anchors>
							<Anchor point="TOPLEFT">
								<Offset x="54" y="-248" />
							</Anchor>
						</Anchors>
						<Scripts>
							<OnClick>
								PartyBotPauseHeal()
							</OnClick>
						</Scripts>
					</Button>
					<Button name="PartyBotHold" inherits="UIPanelButtonTemplate" text="Hold">
						<Size x="38" y="15" />
						<Anchors>
							<Anchor point="TOPLEFT">
								<Offset x="93" y="-248" />
							</Anchor>
						</Anchors>
						<Scripts>
							<OnClick>
								PartyBotHold()
							</OnClick>
						</Scripts>
					</Button>
					<Button name="ComeToMeHeal" inherits="UIPanelButtonTemplate" text="Cheal">
						<Size x="38" y="35" />
						<Anchors>
							<Anchor point="TOPLEFT">
								<Offset x="54" y="-262" />
							</Anchor>
						</Anchors>
						<Scripts>
							<OnClick>
								ComeToMeHeal()
							</OnClick>
						</Scripts>
					</Button>
					<Button name="ComeToMeDPS" inherits="UIPanelButtonTemplate" text="Cdps">
						<Size x="38" y="35" />
						<Anchors>
							<Anchor point="TOPLEFT">
								<Offset x="15" y="-262" />
							</Anchor>
						</Anchors>
						<Scripts>
							<OnClick>
								ComeToMeDPS()
							</OnClick>
						</Scripts>
					</Button>
					<Button name="ComeToMeTank" inherits="UIPanelButtonTemplate" text="Ctank">
						<Size x="38" y="35" />
						<Anchors>
							<Anchor point="TOPLEFT">
								<Offset x="93" y="-262" />
							</Anchor>
						</Anchors>
						<Scripts>
							<OnClick>
								ComeToMeTank()
							</OnClick>
						</Scripts>
					</Button>
					<Button name="PartyBotMore" inherits="UIPanelButtonTemplate" text="more">
						<Size x="38" y="15" />
						<Anchors>
							<Anchor point="TOPLEFT">
								<Offset x="14" y="-371" />
							</Anchor>
						</Anchors>
						<Scripts>
							<OnClick>
								PartyBotMore()
							</OnClick>
						</Scripts>
					</Button>
				</Frames>
			</Frame>
		</Frames>
		<Scripts>
			<OnLoad>
				self:OnBackdropLoaded()
			</OnLoad>
			<OnMouseDown>
				self:StartMoving()
			</OnMouseDown>
			<OnMouseUp>
				self:StopMovingOrSizing()
			</OnMouseUp>
			<OnShow>
				evilFrameInv()
			</OnShow>
		</Scripts>
	</Frame>
	<Frame name="EvilFrameInvMore" inherits="BackdropTemplate" toplevel="true" movable="true" enableMouse="true" clampedToScreen="true">
		<Size x="146" y="60" />
		<Anchors>
			<Anchor x="687" y="-217" point="TOPLEFT" />
		</Anchors>
		<Frames>
			<Frame name="EvilFrameMore" inherits="BackdropTemplate" hidden="true" movable="true">
				<Size x="146" y="60" />
				<Anchors>
					<Anchor point="TOPLEFT" />
				</Anchors>
				<KeyValues>
					<KeyValue key="backdropInfo" value="BACKDROP_DIALOG_32_32" keyType="string" type="global" />
				</KeyValues>
				<Frames>
					<Frame name="ClassesSet_DropDown" inherits="UIDropDownMenuTemplate" hidden="true" id="1" />
					<Frame name="RoleSet_DropDown" inherits="UIDropDownMenuTemplate" hidden="true" id="2" />
					<Frame name="MarksSet_DropDown" inherits="UIDropDownMenuTemplate" hidden="true" id="3" />
					<Button name="PartyBotResetInstances" inherits="UIPanelButtonTemplate" text="Reset">
						<Size x="35" y="15" />
						<Anchors>
							<Anchor point="TOPLEFT">
								<Offset x="15" y="-11" />
							</Anchor>
						</Anchors>
						<Scripts>
							<OnClick>
								PartyBotResetInstances()
							</OnClick>
						</Scripts>
					</Button>
					<Button name="PartyBotReloadUI" inherits="UIPanelButtonTemplate" text="Reload">
						<Size x="35" y="15" />
						<Anchors>
							<Anchor point="TOPLEFT">
								<Offset x="56" y="-11" />
							</Anchor>
						</Anchors>
						<Scripts>
							<OnClick>
								PartyBotReloadUI()
							</OnClick>
						</Scripts>
					</Button>
					<Button name="PartyBotDeleteGray" inherits="UIPanelButtonTemplate" text="DGray">
						<Size x="35" y="15" />
						<Anchors>
							<Anchor point="TOPLEFT">
								<Offset x="97" y="-11" />
							</Anchor>
						</Anchors>
						<Scripts>
							<OnClick>
								PartyBotDeleteGray()
							</OnClick>
						</Scripts>
					</Button>
					<Button name="PartyBotPlayed" inherits="UIPanelButtonTemplate" text="Played">
						<Size x="35" y="15" />
						<Anchors>
							<Anchor point="TOPLEFT">
								<Offset x="15" y="-32" />
							</Anchor>
						</Anchors>
						<Scripts>
							<OnClick>
								PartyBotPlayed()
							</OnClick>
						</Scripts>
					</Button>
					<Button name="PartyBotRoll" inherits="UIPanelButtonTemplate" text="Roll">
						<Size x="35" y="15" />
						<Anchors>
							<Anchor point="TOPLEFT">
								<Offset x="56" y="-32" />
							</Anchor>
						</Anchors>
						<Scripts>
							<OnClick>
								PartyBotRoll()
							</OnClick>
						</Scripts>
					</Button>
					<Button name="PartyBotFPS" inherits="UIPanelButtonTemplate" text="FPS">
						<Size x="35" y="15" />
						<Anchors>
							<Anchor point="TOPLEFT">
								<Offset x="97" y="-32" />
							</Anchor>
						</Anchors>
						<Scripts>
							<OnClick>
								PartyBotFPS()
							</OnClick>
						</Scripts>
					</Button>
				</Frames>
				<Scripts>
					<OnLoad>
						self:OnBackdropLoaded()
					</OnLoad>
					<OnMouseDown>
						self:StartMoving()
					</OnMouseDown>
					<OnMouseUp>
						self:StopMovingOrSizing()
					</OnMouseUp>
					<OnShow>
						EvilFrameInvMore()
					</OnShow>
				</Scripts>
			</Frame>
		</Frames>
	</Frame>
	<Frame name="EvilFrameInvPS" inherits="BackdropTemplate" toplevel="true" movable="true" enableMouse="true" clampedToScreen="true">
		<Size x="146" y="173" />
		<Anchors>
			<Anchor x="687" y="-349" point="TOPLEFT" />
		</Anchors>
		<Frames>
			<Frame name="EvilFramePS" inherits="BackdropTemplate" hidden="true" movable="true">
				<Size x="146" y="173" />
				<Anchors>
					<Anchor point="TOPLEFT" />
				</Anchors>
				<KeyValues>
					<KeyValue key="backdropInfo" value="BACKDROP_DIALOG_32_32" keyType="string" type="global" />
				</KeyValues>
				<Frames>
					<Frame name="ClassesSet_DropDown" inherits="UIDropDownMenuTemplate" hidden="true" id="1" />
					<Frame name="RoleSet_DropDown" inherits="UIDropDownMenuTemplate" hidden="true" id="2" />
					<Frame name="MarksSet_DropDown" inherits="UIDropDownMenuTemplate" hidden="true" id="3" />
					<Frame name="BlessingSet_DropDown" inherits="UIDropDownMenuTemplate" hidden="true" id="4" />
					<Frame name="AuraSet_DropDown" inherits="UIDropDownMenuTemplate" hidden="true" id="5" />
					<Frame name="AtotemSet_DropDown" inherits="UIDropDownMenuTemplate" hidden="true" id="6" />
					<Frame name="EtotemSet_DropDown" inherits="UIDropDownMenuTemplate" hidden="true" id="7" />
					<Frame name="WtotemSet_DropDown" inherits="UIDropDownMenuTemplate" hidden="true" id="8" />
					<Frame name="FtotemSet_DropDown" inherits="UIDropDownMenuTemplate" hidden="true" id="9" />
					<Button name="BlessingSet" inherits="UIPanelButtonTemplate" text="Bless">
						<Size x="58" y="25" />
						<Anchors>
							<Anchor point="TOPLEFT">
								<Offset x="13" y="-14" />
							</Anchor>
						</Anchors>
						<Scripts>
							<OnLoad>
								UIDropDownMenu_Initialize(BlessingSet_DropDown, BlessingMenu_Build, "MENU");
							</OnLoad>
							<OnClick>
								ToggleDropDownMenu(1, nil, BlessingSet_DropDown, BlessingSet, 0, 0);
							</OnClick>
						</Scripts>
					</Button>
					<Button name="AuraSet" inherits="UIPanelButtonTemplate" text="Aura">
						<Size x="58" y="25" />
						<Anchors>
							<Anchor point="TOPLEFT">
								<Offset x="75" y="-14" />
							</Anchor>
						</Anchors>
						<Scripts>
							<OnLoad>
								UIDropDownMenu_Initialize(AuraSet_DropDown, AuraMenu_Build, "MENU");
							</OnLoad>
							<OnClick>
								ToggleDropDownMenu(1, nil, AuraSet_DropDown, AuraSet, 0, 0);
							</OnClick>
						</Scripts>
					</Button>
					<Button name="AcceptPal" inherits="UIPanelButtonTemplate" text="AcceptPal">
						<Size x="120" y="25" />
						<Anchors>
							<Anchor point="TOPLEFT">
								<Offset x="13" y="-40" />
							</Anchor>
						</Anchors>
						<Scripts>
							<OnClick>
								AcceptPal()
							</OnClick>
						</Scripts>
					</Button>
					<Button name="AtotemSet" inherits="UIPanelButtonTemplate" text="Air">
						<Size x="58" y="25" />
						<Anchors>
							<Anchor point="TOPLEFT">
								<Offset x="13" y="-74" />
							</Anchor>
						</Anchors>
						<Scripts>
							<OnLoad>
								UIDropDownMenu_Initialize(AtotemSet_DropDown, AtotemMenu_Build, "MENU");
							</OnLoad>
							<OnClick>
								ToggleDropDownMenu(1, nil, AtotemSet_DropDown, AtotemSet, 0, 0);
							</OnClick>
						</Scripts>
					</Button>
					<Button name="EtotemSet" inherits="UIPanelButtonTemplate" text="Earth">
						<Size x="58" y="25" />
						<Anchors>
							<Anchor point="TOPLEFT">
								<Offset x="75" y="-74" />
							</Anchor>
						</Anchors>
						<Scripts>
							<OnLoad>
								UIDropDownMenu_Initialize(EtotemSet_DropDown, EtotemMenu_Build, "MENU");
							</OnLoad>
							<OnClick>
								ToggleDropDownMenu(1, nil, EtotemSet_DropDown, EtotemSet, 0, 0);
							</OnClick>
						</Scripts>
					</Button>
					<Button name="WtotemSet" inherits="UIPanelButtonTemplate" text="Water">
						<Size x="58" y="25" />
						<Anchors>
							<Anchor point="TOPLEFT">
								<Offset x="75" y="-100" />
							</Anchor>
						</Anchors>
						<Scripts>
							<OnLoad>
								UIDropDownMenu_Initialize(WtotemSet_DropDown, WtotemMenu_Build, "MENU");
							</OnLoad>
							<OnClick>
								ToggleDropDownMenu(1, nil, WtotemSet_DropDown, WtotemSet, 0, 0);
							</OnClick>
						</Scripts>
					</Button>
					<Button name="FtotemSet" inherits="UIPanelButtonTemplate" text="Fire">
						<Size x="58" y="25" />
						<Anchors>
							<Anchor point="TOPLEFT">
								<Offset x="13" y="-100" />
							</Anchor>
						</Anchors>
						<Scripts>
							<OnLoad>
								UIDropDownMenu_Initialize(FtotemSet_DropDown, FtotemMenu_Build, "MENU");
							</OnLoad>
							<OnClick>
								ToggleDropDownMenu(1, nil, FtotemSet_DropDown, FtotemSet, 0, 0);
							</OnClick>
						</Scripts>
					</Button>
					<Button name="AcceptSham" inherits="UIPanelButtonTemplate" text="AcceptSham">
						<Size x="120" y="25" />
						<Anchors>
							<Anchor point="TOPLEFT">
								<Offset x="13" y="-127" />
							</Anchor>
						</Anchors>
						<Scripts>
							<OnClick>
								AcceptSham()
							</OnClick>
						</Scripts>
					</Button>
				</Frames>
				<Scripts>
					<OnLoad>
						self:OnBackdropLoaded()
					</OnLoad>
					<OnMouseDown>
						self:StartMoving()
					</OnMouseDown>
					<OnMouseUp>
						self:StopMovingOrSizing()
					</OnMouseUp>
					<OnShow>
						EvilFrameInvPS()
					</OnShow>
				</Scripts>
			</Frame>
		</Frames>
	</Frame>
</Ui>